"month","date","money","diff","assets","debt","assets_money_over_debt","debt_over_incomes"
1,"1/2016",0,0,0,0,null,null
2,"2/2016",0,0,0,0,null,null
3,"3/2016",0,0,0,0,null,null
4,"4/2016",0,0,0,0,null,null
5,"5/2016",0,0,0,0,null,null
6,"6/2016",0,0,0,0,null,null
7,"7/2016",0,0,0,0,null,null
8,"8/2016",0,0,0,100000.00000000001,0,null
9,"9/2016",-312.5353055344215,-312.5353055344215,0,99754.13136113227,-0.31330562581210175,null
10,"10/2016",-625.070611068843,-312.5353055344215,0,99508.09880983867,-0.6281605402424193,null
11,"11/2016",-937.6059166032646,-312.5353055344216,0,99261.90223684418,-0.9445778243964004,null
12,"12/2016",-1250.141222137686,-312.53530553442147,0,99015.54153280101,-1.2625707063608294,null
13,"1/2017",-1562.6765276721076,-312.53530553442147,0,98769.01658828845,-1.5821525632739795,null
14,"2/2017",-1875.211833206529,-312.53530553442147,0,98522.32729381291,-1.9033369234308477,null
15,"3/2017",-2187.7471387409505,-312.53530553442147,0,98275.47353980783,-2.2261374684241773,null
16,"4/2017",-2500.282444275372,-312.5353055344217,0,98028.45521663327,-2.550568035321982,null
17,"5/2017",-2812.817749809794,-312.5353055344217,0,97781.2722145767,-2.8766426188822627,null
18,"6/2017",-3125.3530553442156,-312.5353055344217,0,97533.92442385203,-3.2043753738057386,null
19,"7/2017",-3437.8883608786373,-312.5353055344217,0,97286.4117346002,-3.5337806170272614,null
20,"8/2017",-3750.423666413059,-312.5353055344217,0,97038.73403688888,-3.864872830046763,null
21,"9/2017",-4062.9589719474807,-312.5353055344217,0,96790.89122071245,-4.197666661300501,null
22,"10/2017",-4375.494277481902,-312.53530553442124,0,96542.88317599187,-4.532176928573429,null
23,"11/2017",-4688.029583016323,-312.53530553442124,0,96294.70979257478,-4.868418621453506,null
24,"12/2017",-5000.564888550744,-312.53530553442124,0,96046.37096023539,-5.206406903828831,null
25,"1/2018",-5313.100194085166,-312.53530553442124,0,95797.86656867455,-5.546157116428441,null
26,"2/2018",-5625.635499619587,-312.53530553442124,0,95549.19650751923,-5.887684779407724,null
27,"3/2018",-5938.170805154008,-312.53530553442124,0,95300.36066632326,-6.231005594979251,null
28,"4/2018",-6250.706110688429,-312.53530553442124,0,95051.3589345664,-6.576135450090126,null
29,"5/2018",-6563.241416222851,-312.53530553442124,0,94802.19120165502,-6.923090419146632,null
30,"6/2018",-6875.776721757272,-312.53530553442124,0,94552.85735692171,-7.271886766787311,null
31,"7/2018",-7188.312027291693,-312.53530553442124,0,94303.35728962536,-7.622540950705373,null
32,"8/2018",-7500.847332826114,-312.53530553442124,0,94053.69088895075,-7.975069624521561,null
33,"9/2018",-7813.382638360536,-312.53530553442124,0,93803.85804400906,-8.329489640708388,null
34,"10/2018",-8125.917943894957,-312.53530553442124,0,93553.85864383719,-8.685818053566994,null
35,"11/2018",-8438.453249429378,-312.53530553442124,0,93303.69257739873,-9.044072122257521,null
36,"12/2018",-8750.9885549638,-312.53530553442215,0,93053.35973358263,-9.404269313884427,null
37,"1/2019",-9063.523860498222,-312.53530553442215,0,92802.860001204,-9.76642730663757,null
38,"2/2019",-9376.059166032644,-312.53530553442215,0,92552.19326900366,-10.130563992990481,null
39,"3/2019",-9688.594471567067,-312.53530553442215,0,92301.35942564865,-10.496697482956902,null
40,"4/2019",-10001.129777101489,-312.53530553442215,0,92050.35835973146,-10.864846107407013,null
41,"5/2019",-10313.665082635911,-312.53530553442215,0,91799.18995977018,-11.235028421444396,null
42,"6/2019",-10626.200388170333,-312.53530553442215,0,91547.85411420891,-11.607263207845161,null
43,"7/2019",-10938.735693704755,-312.53530553442215,0,91296.35071141738,-11.9815694805606,null
44,"8/2019",-11251.270999239177,-312.53530553442215,0,91044.67963969064,-12.357966488284749,null
45,"9/2019",-11563.8063047736,-312.53530553442215,0,90792.8407872494,-12.736473718088106,null
46,"10/2019",-11876.341610308022,-312.53530553442215,0,90540.83404223983,-13.11711089911915,null
47,"11/2019",-12188.876915842444,-312.53530553442215,0,90288.65929273359,-13.499898006374986,null
48,"12/2019",-12501.412221376866,-312.53530553442215,0,90036.31642672766,-13.884855264542754,null
49,"1/2020",-12813.947526911288,-312.53530553442215,0,89783.8053321445,-14.272003151913214,null
50,"2/2020",-13126.48283244571,-312.53530553442215,0,89531.12589683151,-14.661362404368305,null
51,"3/2020",-13439.018137980132,-312.53530553442215,0,89278.27800856165,-15.052954019443957,null
52,"4/2020",-13751.553443514555,-312.53530553442215,0,89025.26155503301,-15.446799260470263,null
53,"5/2020",-14064.088749048977,-312.53530553442215,0,88772.07642386864,-15.842919660790415,null
54,"6/2020",-14376.624054583399,-312.53530553442215,0,88518.72250261677,-16.24133702806025,null
55,"7/2020",-14689.159360117821,-312.53530553442215,0,88265.1996787509,-16.64207344863019,null
56,"8/2020",-15001.694665652243,-312.53530553442215,0,88011.5078396689,-17.04515129201163,null
57,"9/2020",-15314.229971186665,-312.53530553442215,0,87757.64687269439,-17.450593215429137,null
58,"10/2020",-15626.765276721088,-312.53530553442215,0,87503.61666507505,-17.858422168461217,null
59,"11/2020",-15939.30058225551,-312.53530553442215,0,87249.41710398413,-18.268661397770718,null
60,"12/2020",-16251.835887789932,-312.53530553442215,0,86995.04807651909,-18.68133445192782,null
61,"1/2021",-16564.371193324354,-312.53530553442215,0,86740.50946970233,-19.09646518632697,null
62,"2/2021",-16876.906498858774,-312.53530553442033,0,86485.80117048108,-19.514077768200313,null
63,"3/2021",-17189.441804393195,-312.53530553442033,0,86230.92306572702,-19.934196681729873,null
64,"4/2021",-17501.977109927615,-312.53530553442033,0,85975.8750422365,-20.356846733260458,null
65,"5/2021",-17814.512415462035,-312.53530553442033,0,85720.65698673028,-20.78205305661593,null
66,"6/2021",-18127.047720996456,-312.53530553442033,0,85465.26878585368,-21.209841118520963,null
67,"7/2021",-18439.583026530876,-312.53530553442033,0,85209.71032617649,-21.640236724130986,null
68,"8/2021",-18752.118332065296,-312.53530553442033,0,84953.98149419294,-22.073266022672644,null
69,"9/2021",-19064.653637599717,-312.53530553442033,0,84698.08217632142,-22.508955513197577,null
70,"10/2021",-19377.188943134137,-312.53530553442033,0,84442.01225890442,-22.947332050451948,null
71,"11/2021",-19689.724248668557,-312.53530553442033,0,84185.77162820939,-23.388422850864295,null
72,"12/2021",-20002.259554202978,-312.53530553442033,0,83929.36017042714,-23.83225549865547,null
73,"1/2022",-20314.794859737398,-312.53530553442033,0,83672.77777167306,-24.278857952072023,null
74,"2/2022",-20627.33016527182,-312.53530553442033,0,83416.02431798643,-24.728258549747363,null
75,"3/2022",-20939.86547080624,-312.53530553442033,0,83159.0996953307,-25.180486017192884,null
76,"4/2022",-21252.40077634066,-312.53530553442033,0,82902.00378959322,-25.635569473422663,null
77,"5/2022",-21564.93608187508,-312.53530553442033,0,82644.73648658521,-26.09353843771463,null
78,"6/2022",-21877.4713874095,-312.53530553442033,0,82387.29767204188,-26.554422836511627,null
79,"7/2022",-22190.00669294392,-312.53530553442033,0,82129.68723162226,-27.01825301046579,null
80,"8/2022",-22502.54199847834,-312.53530553442033,0,81871.90505090896,-27.485059721629764,null
81,"9/2022",-22815.07730401276,-312.53530553442033,0,81613.95101540857,-27.954874160797967,null
82,"10/2022",-23127.61260954718,-312.53530553442033,0,81355.82501055107,-28.427727955002304,null
83,"11/2022",-23440.1479150816,-312.53530553442033,0,81097.52692169043,-28.903653175165168,null
84,"12/2022",-23752.68322061602,-312.53530553442033,0,80839.05663410375,-29.382682343914716,null
85,"1/2023",-24065.218526150442,-312.53530553442033,0,80580.41403299221,-29.86484844356517,null
86,"2/2023",-24377.753831684862,-312.53530553442033,0,80321.59900347974,-30.350184924267698,null
87,"3/2023",-24690.289137219283,-312.53530553442033,0,80062.61143061442,-30.83872571233442,null
88,"4/2023",-25002.824442753703,-312.53530553442033,0,79803.45119936709,-31.330505218741717,null
89,"5/2023",-25315.359748288123,-312.53530553442033,0,79544.11819463232,-31.825558347815612,null
90,"6/2023",-25627.895053822544,-312.53530553442033,0,79284.61230122761,-32.32392050610524,null
91,"7/2023",-25940.430359356964,-312.53530553442033,0,79024.93340389406,-32.8256276114479,null
92,"8/2023",-26252.965664891384,-312.53530553442033,0,78765.08138729558,-33.3307161022319,null
93,"9/2023",-26565.500970425805,-312.53530553442033,0,78505.05613601946,-33.839222946860744,null
94,"10/2023",-26878.036275960225,-312.53530553442033,0,78244.8575345757,-34.35118565342529,null
95,"11/2023",-27190.571581494645,-312.53530553442033,0,77984.4854673977,-34.866642279587744,null
96,"12/2023",-27503.106887029066,-312.53530553442033,0,77723.93981884158,-35.38563144268434,null
97,"1/2024",-27815.642192563486,-312.53530553442033,0,77463.22047318645,-35.90819233005133,null
98,"2/2024",-28128.177498097906,-312.53530553442033,0,77202.32731463415,-36.43436470958052,null
99,"3/2024",-28440.712803632327,-312.53530553442033,0,76941.26022730957,-36.964188940510184,null
100,"4/2024",-28753.248109166747,-312.53530553442033,0,76680.01909526002,-37.49770598445786,null
101,"5/2024",-29065.783414701167,-312.53530553442033,0,76418.60380245587,-38.03495741670051,null
102,"6/2024",-29378.318720235588,-312.53530553442033,0,76157.01423278969,-38.575985437709875,null
103,"7/2024",-29690.854025770008,-312.53530553442033,0,75895.25027007723,-39.120832884948065,null
104,"8/2024",-30003.38933130443,-312.53530553442033,0,75633.3117980563,-39.669543244932306,null
105,"9/2024",-30315.92463683885,-312.53530553442033,0,75371.19870038728,-40.22216066557407,null
106,"10/2024",-30628.45994237327,-312.53530553442033,0,75108.91086065308,-40.77872996880114,null
107,"11/2024",-30940.99524790769,-312.53530553442033,0,74846.44816235921,-41.33929666346963,null
108,"12/2024",-31253.53055344211,-312.53530553442033,0,74583.81048893301,-41.90390695857462,null
109,"1/2025",-31566.06585897653,-312.53530553442033,0,74320.99772372463,-42.472607776765706,null
110,"2/2025",-31878.60116451095,-312.53530553442033,0,74058.00975000604,-43.04544676817804,null
111,"3/2025",-32191.13647004537,-312.53530553442033,0,73794.84645097166,-43.62247232458535,null
112,"4/2025",-32503.67177557979,-312.53530553442033,0,73531.50770973793,-44.20373359388531,null
113,"5/2025",-32816.20708111421,-312.53530553442033,0,73267.99340934333,-44.789280494925364,null
114,"6/2025",-33128.742386648635,-312.53530553442397,0,73004.3034327485,-45.37916373267886,null
115,"7/2025",-33441.27769218306,-312.53530553442397,0,72740.43766283605,-45.973434813781175,null
116,"8/2025",-33753.81299771748,-312.53530553442397,0,72476.39598241013,-46.57214606243591,null
117,"9/2025",-34066.34830325191,-312.53530553442397,0,72212.17827419736,-47.17535063670056,null
118,"10/2025",-34378.88360878633,-312.53530553442397,0,71947.78442084581,-47.78310254516407,null
119,"11/2025",-34691.418914320755,-312.53530553442397,0,71683.21430492544,-48.39545666402555,null
120,"12/2025",-35003.95421985518,-312.53530553442397,0,71418.46780892751,-49.01246875458673,null
121,"1/2026",-35316.4895253896,-312.53530553442397,0,71153.54481526584,-49.63419548116811,null
122,"2/2026",-35629.02483092403,-312.53530553442397,0,70888.44520627495,-50.260694429464216,null
123,"3/2026",-35941.56013645845,-312.53530553442397,0,70623.16886421142,-50.89202412534619,null
124,"4/2026",-36254.095441992875,-312.53530553442397,0,70357.71567125316,-51.52824405412812,null
125,"5/2026",-36566.6307475273,-312.53530553442397,0,70092.08550949964,-52.16941468030851,null
126,"6/2026",-36879.16605306172,-312.53530553442397,0,69826.2782609715,-52.81559746780153,null
127,"7/2026",-37191.70135859615,-312.53530553442397,0,69560.29380761119,-53.46685490067134,null
128,"8/2026",-37504.23666413057,-312.53530553442397,0,69294.13203128189,-54.12325050438586,null
129,"9/2026",-37816.771969664995,-312.53530553442397,0,69027.79281376835,-54.78484886760283,null
130,"10/2026",-38129.30727519942,-312.53530553442397,0,68761.27603677635,-55.45171566450614,null
131,"11/2026",-38441.84258073384,-312.53530553442397,0,68494.58158193326,-56.12391767770665,null
132,"12/2026",-38754.37788626827,-312.53530553442397,0,68227.70933078688,-56.8015228217267,null
133,"1/2027",-39066.91319180269,-312.53530553442397,0,67960.65916480632,-57.4846001670826,null
134,"2/2027",-39379.448497337115,-312.53530553442397,0,67693.43096538178,-58.17321996498544,null
135,"3/2027",-39691.98380287154,-312.53530553442397,0,67426.02461382428,-58.867453672678096,null
136,"4/2027",-40004.51910840596,-312.53530553442397,0,67158.43999136589,-59.567373979426975,null
137,"5/2027",-40317.05441394039,-312.53530553442397,0,66890.6769791591,-60.27305483318973,null
138,"6/2027",-40629.58971947481,-312.53530553442397,0,66622.73545827741,-60.98457146797755,null
139,"7/2027",-40942.125025009234,-312.53530553442397,0,66354.61530971523,-61.7020004319349,null
140,"8/2027",-41254.66033054366,-312.53530553442397,0,66086.31641438734,-62.42541961615869,null
141,"9/2027",-41567.19563607808,-312.53530553442397,0,65817.83865312919,-63.15490828427841,null
142,"10/2027",-41879.730941612506,-312.53530553442397,0,65549.18190669683,-63.890547102821834,null
143,"11/2027",-42192.26624714693,-312.53530553442397,0,65280.34605576703,-64.63241817239043,null
144,"12/2027",-42504.801552681354,-312.53530553442397,0,65011.33098093644,-65.38060505967064,null
145,"1/2028",-42817.33685821578,-312.53530553442397,0,64742.136562722786,-66.13519283030448,null
146,"2/2028",-43129.8721637502,-312.53530553442397,0,64472.76268156357,-66.8962680826511,null
147,"3/2028",-43442.407469284626,-312.53530553442397,0,64203.20921781679,-67.66391898246277,null
148,"4/2028",-43754.94277481905,-312.53530553442397,0,63933.47605176099,-68.43823529850738,null
149,"5/2028",-44067.478080353474,-312.53530553442397,0,63663.563063594505,-69.21930843916762,null
150,"6/2028",-44380.0133858879,-312.53530553442397,0,63393.47013343581,-70.0072314900465,null
151,"7/2028",-44692.54869142232,-312.53530553442397,0,63123.19714132377,-70.80209925261252,null
152,"8/2028",-45005.083996956746,-312.53530553442397,0,62852.74396721682,-71.60400828391967,null
153,"9/2028",-45317.61930249117,-312.53530553442397,0,62582.110490993975,-72.41305693743375,null
154,"10/2028",-45630.154608025594,-312.53530553442397,0,62311.296592453546,-73.22934540500609,null
155,"11/2028",-45942.68991356002,-312.53530553442397,0,62040.30215131421,-74.05297576002667,null
156,"12/2028",-46255.22521909444,-312.53530553442397,0,61769.12704721392,-74.8840520018014,null
157,"1/2029",-46567.760524628866,-312.53530553442397,0,61497.77115971108,-75.72268010118832,null
158,"2/2029",-46880.29583016329,-312.53530553442397,0,61226.23436828306,-76.5689680475411,null
159,"3/2029",-47192.831135697714,-312.53530553442397,0,60954.51655232773,-77.42302589699649,null
160,"4/2029",-47505.36644123214,-312.53530553442397,0,60682.61759116154,-78.2849658221588,null
161,"5/2029",-47817.90174676656,-312.53530553442397,0,60410.53736402124,-79.15490216322014,null
162,"6/2029",-48130.437052300986,-312.53530553442397,0,60138.27575006275,-80.03295148057312,null
163,"7/2029",-48442.97235783541,-312.53530553442397,0,59865.83262836188,-80.91923260896098,null
164,"8/2029",-48755.50766336983,-312.53530553442397,0,59593.207877913046,-81.81386671322325,null
165,"9/2029",-49068.04296890426,-312.53530553442397,0,59320.40137763053,-82.71697734568534,null
166,"10/2029",-49380.57827443868,-312.53530553442397,0,59047.413006347895,-83.62869050525553,null
167,"11/2029",-49693.113579973106,-312.53530553442397,0,58774.2426428178,-84.54913469828537,null
168,"12/2029",-50005.64888550753,-312.53530553442397,0,58500.890165712044,-85.47844100125563,null
169,"1/2030",-50318.18419104195,-312.53530553442397,0,58227.355453621436,-86.41674312535248,null
170,"2/2030",-50630.71949657638,-312.53530553442397,0,57953.63838505605,-87.36417748299998,null
171,"3/2030",-50943.2548021108,-312.53530553442397,0,57679.73883844513,-88.32088325641953,null
172,"4/2030",-51255.790107645225,-312.53530553442397,0,57405.656692136334,-89.28700246828892,null
173,"5/2030",-51568.32541317965,-312.53530553442397,0,57131.391824396815,-90.26268005457278,null
174,"6/2030",-51880.86071871407,-312.53530553442397,0,56856.94411341201,-91.24806393960921,null
175,"7/2030",-52193.3960242485,-312.53530553442397,0,56582.313437286495,-92.24330511352723,null
176,"8/2030",-52505.93132978292,-312.53530553442397,0,56307.49967404368,-93.2485577120854,null
177,"9/2030",-52818.466635317345,-312.53530553442397,0,56032.50270162532,-94.263979099019,null
178,"10/2030",-53131.00194085177,-312.53530553442397,0,55757.322397892014,-95.28972995098572,null
179,"11/2030",-53443.53724638619,-312.53530553442397,0,55481.958640622885,-96.32597434520959,null
180,"12/2030",-53756.07255192062,-312.53530553442397,0,55206.41130751556,-97.37287984992152,null
181,"1/2031",-54068.60785745504,-312.53530553442397,0,54930.68027618616,-98.43061761770161,null
182,"2/2031",-54381.143162989465,-312.53530553442397,0,54654.76542416925,-99.49936248183258,null
183,"3/2031",-54693.67846852389,-312.53530553442397,0,54378.66662891776,-100.57929305577827,null
184,"4/2031",-55006.21377405831,-312.53530553442397,0,54102.38376780254,-101.6705918359066,null
185,"5/2031",-55318.74907959274,-312.53530553442397,0,53825.91671811343,-102.7734453075779,null
186,"6/2031",-55631.28438512716,-312.53530553442397,0,53549.26535705776,-103.88804405473509,null
187,"7/2031",-55943.819690661585,-312.53530553442397,0,53272.42956176148,-105.01458287312207,null
188,"8/2031",-56256.35499619601,-312.53530553442397,0,52995.40920926821,-106.15326088727983,null
189,"9/2031",-56568.89030173043,-312.53530553442397,0,52718.20417654002,-107.30428167146103,null
190,"10/2031",-56881.42560726486,-312.53530553442397,0,52440.81434045667,-108.46785337462308,null
191,"11/2031",-57193.96091279928,-312.53530553442397,0,52163.23957781597,-109.64418884965646,null
192,"12/2031",-57506.496218333705,-312.53530553442397,0,51885.47976533344,-110.83350578701956,null
193,"1/2032",-57819.03152386813,-312.53530553442397,0,51607.53477964266,-112.0360268529542,null
194,"2/2032",-58131.56682940255,-312.53530553442397,0,51329.404497294614,-113.25197983246905,null
195,"3/2032",-58444.10213493698,-312.53530553442397,0,51051.08879475849,-114.48159777727902,null
196,"4/2032",-58756.6374404714,-312.53530553442397,0,50772.58754842063,-115.72511915890944,null
197,"5/2032",-59069.172746005825,-312.53530553442397,0,50493.900634585196,-116.98278802716837,null
198,"6/2032",-59381.70805154025,-312.53530553442397,0,50215.0279294738,-118.25485417421436,null
199,"7/2032",-59694.24335707467,-312.53530553442397,0,49935.96930922577,-119.54157330444777,null
200,"8/2032",-60006.7786626091,-312.53530553442397,0,49656.72464989753,-120.84320721047179,null
201,"9/2032",-60319.31396814352,-312.53530553442397,0,49377.29382746309,-122.1600239553724,null
202,"10/2032",-60631.849273677944,-312.53530553442397,0,49097.676717813745,-123.49229806158901,null
203,"11/2032",-60944.38457921237,-312.53530553442397,0,48817.87319675787,-124.84031070665293,null
204,"12/2032",-61256.91988474679,-312.53530553442397,0,48537.8831400213,-126.2043499260852,null
205,"1/2033",-61569.455190281216,-312.53530553442397,0,48257.70642324696,-127.58471082376526,null
206,"2/2033",-61881.99049581564,-312.53530553442397,0,47977.34292199467,-128.9816957900904,null
207,"3/2033",-62194.525801350064,-312.53530553442397,0,47696.792511741696,-130.39561472826378,null
208,"4/2033",-62507.06110688449,-312.53530553442397,0,47416.0550678818,-131.82678528907158,null
209,"5/2033",-62819.59641241891,-312.53530553442397,0,47135.13046572605,-133.27553311451572,null
210,"6/2033",-63132.131717953336,-312.53530553442397,0,46854.01858050217,-134.74219209070176,null
211,"7/2033",-63444.66702348776,-312.53530553442397,0,46572.71928735477,-136.22710461038935,null
212,"8/2033",-63757.202329022184,-312.53530553442397,0,46291.232461345244,-137.73062184564134,null
213,"9/2033",-64069.73763455661,-312.53530553442397,0,46009.55797745186,-139.25310403102677,null
214,"10/2033",-64382.27294009103,-312.53530553442397,0,45727.69571056904,-140.79492075786,null
215,"11/2033",-64694.808245625456,-312.53530553442397,0,45445.64553550839,-142.35645127997353,null
216,"12/2033",-65007.34355115988,-312.53530553442397,0,45163.40732699767,-143.9380848315666,null
217,"1/2034",-65319.878856694304,-312.53530553442397,0,44880.98095968128,-145.54022095767974,null
218,"2/2034",-65632.41416222873,-312.53530553442397,0,44598.366308119956,-147.1632698578897,null
219,"3/2034",-65944.94946776314,-312.5353055344167,0,44315.56324679105,-148.80765274384348,null
220,"4/2034",-66257.48477329756,-312.5353055344167,0,44032.57165008787,-150.47380221128952,null
221,"5/2034",-66570.02007883198,-312.5353055344167,0,43749.39139232025,-152.16216262729006,null
222,"6/2034",-66882.5553843664,-312.5353055344167,0,43466.02234771405,-153.87319053334966,null
223,"7/2034",-67195.09068990081,-312.5353055344167,0,43182.4643904115,-155.60735506522232,null
224,"8/2034",-67507.62599543523,-312.5353055344167,0,42898.71739447066,-157.36513839021322,null
225,"9/2034",-67820.16130096964,-312.5353055344167,0,42614.78123386602,-159.1470361628253,null
226,"10/2034",-68132.69660650406,-312.5353055344167,0,42330.65578248748,-160.95355799966387,null
227,"11/2034",-68445.23191203848,-312.5353055344167,0,42046.3409141415,-162.78522797454224,null
228,"12/2034",-68757.7672175729,-312.5353055344167,0,41761.83650254993,-164.6425851348147,null
229,"1/2035",-69070.30252310731,-312.5353055344167,0,41477.142421350494,-166.52618403999102,null
230,"2/2035",-69382.83782864173,-312.5353055344167,0,41192.25854409697,-168.43659532377012,null
231,"3/2035",-69695.37313417614,-312.5353055344167,0,40907.184744258724,-170.37440628069083,null
232,"4/2035",-70007.90843971056,-312.5353055344167,0,40621.92089522053,-172.34022147866352,null
233,"5/2035",-70320.44374524498,-312.5353055344167,0,40336.46687028295,-174.33466339872245,null
234,"6/2035",-70632.9790507794,-312.5353055344167,0,40050.82254266208,-176.3583731034269,null
235,"7/2035",-70945.51435631381,-312.5353055344167,0,39764.987785489546,-178.4120109354144,null
236,"8/2035",-71258.04966184823,-312.5353055344167,0,39478.96247181212,-180.49625724770831,null
237,"9/2035",-71570.58496738265,-312.5353055344167,0,39192.746474592335,-182.61181316746976,null
238,"10/2035",-71883.12027291706,-312.5353055344167,0,38906.339666707594,-184.75940139500688,null
239,"11/2035",-72195.65557845148,-312.5353055344167,0,38619.74192095101,-186.93976703993897,null
240,"12/2035",-72508.1908839859,-312.5353055344167,0,38332.95311003064,-189.15367849656374,null
241,"1/2036",-72820.72618952031,-312.5353055344167,0,38045.97310656959,-191.40192836057594,null
242,"2/2036",-73133.26149505473,-312.5353055344167,0,37758.80178310625,-193.6853343894388,null
243,"3/2036",-73445.79680058915,-312.5353055344167,0,37471.439012094015,-196.0047405088561,null
244,"4/2036",-73758.33210612356,-312.5353055344167,0,37183.88466590096,-198.3610178679442,null
245,"5/2036",-74070.86741165798,-312.5353055344167,0,36896.138616810524,-200.75506594587108,null
246,"6/2036",-74383.4027171924,-312.5353055344167,0,36608.20073702067,-203.1878137129283,null
247,"7/2036",-74695.93802272681,-312.5353055344167,0,36320.07089864443,-205.66022084916878,null
248,"8/2036",-75008.47332826123,-312.5353055344167,0,36031.74897370898,-208.17327902398551,null
249,"9/2036",-75321.00863379565,-312.5353055344167,0,35743.23483415713,-210.72801324019227,null
250,"10/2036",-75633.54393933006,-312.5353055344167,0,35454.52835184552,-213.3254832464669,null
251,"11/2036",-75946.07924486448,-312.5353055344167,0,35165.62939854573,-215.96678502221042,null
252,"12/2036",-76258.6145503989,-312.5353055344167,0,34876.53784594371,-218.65305233921922,null
253,"1/2037",-76571.14985593331,-312.5353055344167,0,34587.25356563994,-221.38545840483118,null
254,"2/2037",-76883.68516146773,-312.5353055344167,0,34297.77642914929,-224.16521759155543,null
255,"3/2037",-77196.22046700215,-312.5353055344167,0,34008.1063079011,-226.99358725853887,null
256,"4/2037",-77508.75577253656,-312.5353055344167,0,33718.24307323871,-229.87186967061533,null
257,"5/2037",-77821.29107807098,-312.5353055344167,0,33428.186596419786,-232.8014140210817,null
258,"6/2037",-78133.8263836054,-312.5353055344167,0,33137.936748616274,-235.78361856480998,null
259,"7/2037",-78446.36168913981,-312.5353055344167,0,32847.493400914376,-238.81993286877744,null
260,"8/2037",-78758.89699467423,-312.5353055344167,0,32556.856424313948,-241.91186018763133,null
261,"9/2037",-79071.43230020865,-312.5353055344167,0,32266.02568972912,-245.06095997245353,null
262,"10/2037",-79383.96760574306,-312.5353055344167,0,31975.00106798782,-248.26885052153864,null
263,"11/2037",-79696.50291127748,-312.5353055344167,0,31683.78242983208,-251.5372117826396,null
264,"12/2037",-80009.0382168119,-312.5353055344167,0,31392.369645917617,-254.86778831688665,null
265,"1/2038",-80321.57352234631,-312.5353055344167,0,31100.76258681389,-258.2623924353581,null
266,"2/2038",-80634.10882788073,-312.5353055344167,0,30808.961123004035,-261.7229075201562,null
267,"3/2038",-80946.64413341515,-312.5353055344167,0,30516.965124884984,-265.2512915427734,null
268,"4/2038",-81259.17943894956,-312.5353055344167,0,30224.774462767175,-268.84958079356346,null
269,"5/2038",-81571.71474448398,-312.5353055344167,0,29932.389006874637,-272.5198938372384,null
270,"6/2038",-81884.2500500184,-312.5353055344167,0,29639.8086273448,-276.26443571054114,null
271,"7/2038",-82196.78535555281,-312.5353055344167,0,29347.033194228792,-280.0855023795629,null
272,"8/2038",-82509.32066108723,-312.5353055344167,0,29054.062577490466,-283.98548547565616,null
273,"9/2038",-82821.85596662165,-312.5353055344167,0,28760.89664700784,-287.96687733043285,null
274,"10/2038",-83134.39127215606,-312.5353055344167,0,28467.535272571447,-292.0322763321779,null
275,"11/2038",-83446.92657769048,-312.5353055344167,0,28173.978323885418,-296.1843926278086,null
276,"12/2038",-83759.4618832249,-312.5353055344167,0,27880.225670566957,-300.42605419671844,null
277,"1/2039",-84071.99718875931,-312.5353055344167,0,27586.277182146365,-304.76021332508793,null
278,"2/2039",-84384.53249429373,-312.5353055344167,0,27292.1327280667,-309.1899535118203,null
279,"3/2039",-84697.06779982815,-312.5353055344167,0,26997.79217768441,-313.71849684003524,null
280,"4/2039",-85009.60310536256,-312.5353055344167,0,26703.255400268405,-318.3492118511816,null
281,"5/2039",-85322.13841089698,-312.5353055344167,0,26408.52226500094,-323.0856219621721,null
282,"6/2039",-85634.6737164314,-312.5353055344167,0,26113.592640976505,-327.9314144697829,null
283,"7/2039",-85947.20902196581,-312.5353055344167,0,25818.46639720284,-332.8904501906329,null
284,"8/2039",-86259.74432750023,-312.5353055344167,0,25523.143402599868,-337.96677378975795,null
285,"9/2039",-86572.27963303465,-312.5353055344167,0,25227.623526000552,-343.1646248558052,null
286,"10/2039",-86884.81493856906,-312.5353055344167,0,24931.906636150154,-348.4884497866278,null
287,"11/2039",-87197.35024410348,-312.5353055344167,0,24635.99260170664,-353.9429145552794,null
288,"12/2039",-87509.8855496379,-312.5353055344167,0,24339.88129124003,-359.5329184334719,null
289,"1/2040",-87822.42085517231,-312.5353055344167,0,24043.572573233207,-365.2636087573012,null
290,"2/2040",-88134.95616070673,-312.5353055344167,0,23747.06631608084,-371.1403968288253,null
291,"3/2040",-88447.49146624115,-312.5353055344167,0,23450.362388090616,-377.168975056691,null
292,"4/2040",-88760.02677177556,-312.5353055344167,0,23153.460657481595,-383.35533545001385,null
293,"5/2040",-89072.56207730998,-312.5353055344167,0,22856.360992385555,-389.70578959171985,null
294,"6/2040",-89385.0973828444,-312.5353055344167,0,22559.063260846095,-396.22699023138404,null
295,"7/2040",-89697.63268837881,-312.5353055344167,0,22261.56733081897,-402.9259546528029,null
296,"8/2040",-90010.16799391323,-312.5353055344167,0,21963.873070171856,-409.8100899888735,null
297,"9/2040",-90322.70329944765,-312.5353055344167,0,21665.980346684217,-416.8872206757573,null
298,"10/2040",-90635.23860498206,-312.5353055344167,0,21367.889028047557,-424.1656182602501,null
299,"11/2040",-90947.77391051648,-312.5353055344167,0,21069.598981865318,-431.6540337991035,null
300,"12/2040",-91260.3092160509,-312.5353055344167,0,20771.11007565214,-439.3617331171244,null
301,"1/2041",-91572.84452158531,-312.5353055344167,0,20472.422176834916,-447.29853522267825,null
302,"2/2041",-91885.37982711973,-312.5353055344167,0,20173.535152751752,-455.4748542155547,null
303,"3/2041",-92197.91513265415,-312.5353055344167,0,19874.44887065252,-463.90174506321847,null
304,"4/2041",-92510.45043818856,-312.5353055344167,0,19575.163197698566,-472.5909536686005,null
305,"5/2041",-92822.98574372298,-312.5353055344167,0,19275.678000962707,-481.5549717062456,null
306,"6/2041",-93135.5210492574,-312.5353055344167,0,18975.993147428857,-490.8070967651922,null
307,"7/2041",-93448.05635479181,-312.5353055344167,0,18676.108503992815,-500.36149840751517,null
308,"8/2041",-93760.59166032623,-312.5353055344167,0,18376.023937461065,-510.23329083277594,null
309,"9/2041",-94073.12696586065,-312.5353055344167,0,18075.73931455172,-520.4386129320193,null
310,"10/2041",-94385.66227139506,-312.5353055344167,0,17775.254501893673,-530.9947166232683,null
311,"11/2041",-94698.19757692948,-312.5353055344167,0,17474.5693660273,-541.920064485448,null
312,"12/2041",-95010.7328824639,-312.5353055344167,0,17173.683773403485,-553.2344378531354,null
313,"1/2042",-95323.26818799831,-312.5353055344167,0,16872.59759038481,-564.9590567033982,null
314,"2/2042",-95635.80349353273,-312.5353055344167,0,16571.31068324395,-577.1167128634833,null
315,"3/2042",-95948.33879906715,-312.5353055344167,0,16269.822918165124,-589.7319182985182,null
316,"4/2042",-96260.87410460156,-312.5353055344167,0,15968.134161242846,-602.8310705094258,null
317,"5/2042",-96573.40941013598,-312.5353055344167,0,15666.244278482649,-616.4426373893461,null
318,"6/2042",-96885.9447156704,-312.5353055344167,0,15364.153135800585,-630.5973642628753,null
319,"7/2042",-97198.48002120481,-312.5353055344167,0,15061.860599023394,-645.3285062770209,null
320,"8/2042",-97511.01532673923,-312.5353055344167,0,14759.366533888406,-660.6720898410375,null
321,"9/2042",-97823.55063227365,-312.5353055344167,0,14456.670806043312,-676.6672074415676,null
322,"10/2042",-98136.08593780806,-312.5353055344167,0,14153.77328104624,-693.3563509119166,null
323,"11/2042",-98448.62124334248,-312.5353055344167,0,13850.673824365898,-710.785789137227,null
324,"12/2042",-98761.1565488769,-312.5353055344167,0,13547.372301381158,-729.0059972649321,null
325,"1/2043",-99073.69185441131,-312.5353055344167,0,13243.868577381001,-748.0721458050236,null
326,"2/2043",-99386.22715994573,-312.5353055344167,0,12940.162517564795,-768.0446596017651,null
327,"3/2043",-99698.76246548015,-312.5353055344167,0,12636.253987042217,-788.9898586061639,null
328,"4/2043",-100011.29777101456,-312.5353055344167,0,12332.142850832543,-810.9806947643556,null
329,"5/2043",-100323.83307654898,-312.5353055344167,0,12027.828973865322,-834.0976022733422,null
330,"6/2043",-100636.3683820834,-312.5353055344167,0,11723.31222098021,-858.429482087691,null
331,"7/2043",-100948.90368761781,-312.5353055344167,0,11418.59245692651,-884.0748460759916,null
332,"8/2043",-101261.43899315223,-312.5353055344167,0,11113.669546363439,-911.1431518700006,null
333,"9/2043",-101573.97429868665,-312.5353055344167,0,10808.54335385995,-939.7563665451046,null
334,"10/2043",-101886.50960422106,-312.5353055344167,0,10503.213743894757,-970.0508062443747,null
335,"11/2043",-102199.04490975548,-312.5353055344167,0,10197.680580856422,-1002.1793102797166,null
336,"12/2043",-102511.5802152899,-312.5353055344167,0,9891.943729042581,-1036.3138228770713,null
337,"1/2044",-102824.11552082431,-312.5353055344167,0,9586.00305266093,-1072.648474614056,null
338,"2/2044",-103136.65082635873,-312.5353055344167,0,9279.858415828294,-1111.4032801453366,null
339,"3/2044",-103449.18613189315,-312.5353055344167,0,8973.50968257119,-1152.82860097446,null
340,"4/2044",-103761.72143742756,-312.5353055344167,0,8666.956716825109,-1197.210564534095,null
341,"5/2044",-104074.25674296198,-312.5353055344167,0,8360.199382435341,-1244.8776875061196,null
342,"6/2044",-104386.7920484964,-312.5353055344167,0,8053.237543155833,-1296.2090276004724,null
343,"7/2044",-104699.32735403081,-312.5353055344167,0,7746.071062650332,-1351.6442917605734,null
344,"8/2044",-105011.86265956523,-312.5353055344167,0,7438.699804490982,-1411.6964714205324,null
345,"9/2044",-105324.39796509965,-312.5353055344167,0,7131.12363215963,-1476.9677739159124,null
346,"10/2044",-105636.93327063406,-312.5353055344167,0,6823.342409046664,-1548.1698988251906,null
347,"11/2044",-105949.46857616848,-312.5353055344167,0,6515.35599845166,-1626.15010755125,null
348,"12/2044",-106262.0038817029,-312.5353055344167,0,6207.164263582948,-1711.9251137775677,null
349,"1/2045",-106574.53918723731,-312.5353055344167,0,5898.76706755762,-1806.7256761736214,null
350,"2/2045",-106887.07449277173,-312.5353055344167,0,5590.164273401582,-1912.056055335411,null
351,"3/2045",-107199.60979830615,-312.5353055344167,0,5281.3557440495015,-2029.774455528542,null
352,"4/2045",-107512.14510384056,-312.5353055344167,0,4972.341342344489,-2162.20363208508,null
353,"5/2045",-107824.68040937498,-312.5353055344167,0,4663.120931038423,-2312.285741758871,null
354,"6/2045",-108137.2157149094,-312.5353055344167,0,4353.694372791311,-2483.8035575193285,null
355,"7/2045",-108449.75102044381,-312.5353055344167,0,4044.0615301721864,-2681.703782479944,null
356,"8/2045",-108762.28632597823,-312.5353055344167,0,3734.2222656579033,-2912.582020792387,null
357,"9/2045",-109074.82163151265,-312.5353055344167,0,3424.1764416339747,-3185.4322781177566,null
358,"10/2045",-109387.35693704707,-312.5353055344167,0,3113.9239203939433,-3512.846162381785,null
359,"11/2045",-109699.89224258148,-312.5353055344167,0,2803.4645641399047,-3913.011551698964,null
360,"12/2045",-110012.4275481159,-312.5353055344167,0,2492.7982349816243,-4413.210263241656,null